{"stats":{"minecraft:custom":{"minecraft:interact_with_crafting_table":431,"minecraft:open_barrel":136,"goblintraders:trade_with_goblin":428,"minecraft:bell_ring":15,"minecraft:leave_game":204,"minecraft:time_since_death":189755,"minecraft:damage_blocked_by_shield":2850,"minecraft:deaths":14,"minecraft:jump":44242,"minecraft:enchant_item":27,"minecraft:interact_with_furnace":226,"minecraft:play_record":5,"minecraft:traded_with_villager":1203,"minecraft:interact_with_cartography_table":2,"minecraft:sleep_in_bed":302,"minecraft:damage_dealt":206179,"minecraft:interact_with_smoker":9,"minecraft:inspect_dispenser":124,"minecraft:interact_with_smithing_table":8,"minecraft:interact_with_anvil":55,"minecraft:inspect_hopper":37,"minecraft:sneak_time":111443,"minecraft:interact_with_blast_furnace":21,"minecraft:tune_noteblock":2,"minecraft:interact_with_stonecutter":12,"minecraft:time_since_rest":3216,"minecraft:swim_one_cm":118761,"minecraft:fly_one_cm":5424637,"minecraft:open_chest":2692,"minecraft:fall_one_cm":751460,"minecraft:animals_bred":373,"minecraft:damage_resisted":26,"minecraft:sprint_one_cm":13695624,"minecraft:drop":113,"minecraft:talked_to_villager":1086,"minecraft:interact_with_brewingstand":16,"minecraft:walk_on_water_one_cm":410376,"minecraft:interact_with_loom":2,"minecraft:play_one_minute":5268080,"minecraft:crouch_one_cm":263723,"minecraft:mob_kills":1189,"minecraft:fill_cauldron":1,"minecraft:damage_dealt_resisted":394,"minecraft:climb_one_cm":500859,"minecraft:walk_one_cm":22289678,"minecraft:walk_under_water_one_cm":267962,"minecraft:boat_one_cm":258403,"minecraft:interact_with_grindstone":32,"minecraft:damage_taken":53331},"minecraft:crafted":{"globalxp:xp_block":1,"minecraft:melon":40,"minecraft:birch_boat":3,"minecraft:blaze_powder":4,"minecraft:diamond_shovel":1,"minecraft:bookshelf":38,"minecraft:nether_brick":121,"extraarmor:obsidian_leggings":1,"minecraft:glass":51,"buzzier_bees:light_blue_candle":16,"minecraft:melon_seeds":26,"extraarmor:obsidian_chestplate":1,"morevanillatools:obsidian_sword":3,"minecraft:music_disc_stal":1,"minecraft:cooked_rabbit":4,"portablejukebox:portable_jukebox":5,"minecraft:glass_bottle":9,"minecraft:blue_stained_glass":8,"comfortable_nether:ancient_netherrack_bricks":64,"minecraft:emerald":1292,"minecraft:soul_campfire":1,"morevillagers:decayed_workbench":1,"travelersbackpack:lapis":1,"byg:scoria_pillar":39,"farmingforblockheads:red_fertilizer":16,"travelersbackpack:standard":1,"buzzier_bees:spruce_beehive":32,"minecraft:spruce_door":3,"minecraft:smithing_table":1,"minecraft:clock":1,"morevanillatools:emerald_pickaxe":1,"minecraft:red_mushroom":2,"minecraft:fletching_table":2,"minecraft:music_disc_blocks":1,"minecraft:campfire":16,"minecraft:cartography_table":1,"minecraft:lectern":1,"byg:cika_planks":1968,"minecraft:wooden_hoe":1,"morevillagers:hunting_post":1,"comfortable_nether:ancient_nether_stairs":12,"teleportmod:teleport":5,"minecraft:compass":1,"minecraft:iron_block":76,"minecraft:gold_ingot":167,"buzzier_bees:honey_apple":4,"farmingforblockheads:market":1,"minecraft:spruce_fence_gate":15,"minecraft:honeycomb":2,"minecraft:jukebox":1,"minecraft:iron_nugget":18,"simpleplanes:plane_workbench":1,"minecraft:experience_bottle":3,"minecraft:birch_log":60,"minecraft:pufferfish_bucket":2,"farmingforblockheads:green_fertilizer":24,"minecraft:bone_meal":417,"minecraft:bee_nest":1,"byg:skyris_fence":3,"minecraft:warped_wart_block":17,"minecraft:spruce_fence":78,"morevanillatools:obsidian_shovel":3,"minecraft:lantern":2,"minecraft:diamond":9,"minecraft:spruce_stairs":64,"morevillagers:woodworking_table":1,"minecraft:ladder":36,"minecraft:spruce_slab":234,"minecraft:stone_pickaxe":2,"simpleplanes:propeller":1,"minecraft:redstone_block":128,"smallships:birch_cog":1,"morevanillatools:emerald_hoe":1,"minecraft:coal_block":152,"bayou_blues:blue_lily":1,"minecraft:crossbow":1,"minecraft:enchanting_table":2,"byg:embur_gel_block":6,"aquarium:lost_ingot":11,"minecraft:yellow_stained_glass_pane":16,"minecraft:glowstone":12,"minecraft:enchanted_book":3,"stupid_weapons:snowball_canon":1,"byg:skyris_planks":76,"minecraft:oak_fence_gate":10,"minecraft:acacia_sign":3,"morevanillalib:paper_bundle":152,"minecraft:flint":2,"minecraft:gunpowder":64,"morevillagers:blueprint_table":1,"minecraft:oak_stairs":156,"portablejukebox:portable_note_block":1,"minecraft:dark_oak_log":6,"minecraft:iron_shovel":1,"minecraft:iron_leggings":3,"minecraft:white_bed":2,"minecraft:nether_brick_stairs":48,"minecraft:brick":28,"minecraft:oak_planks":452,"minecraft:barrel":4,"minecraft:cooked_chicken":65,"buzzier_bees:buttercup":3,"cactusmod:cactus_chest":1,"travelersbackpack:sleeping_bag":1,"minecraft:stone":451,"minecraft:snow":12,"stalwart_dungeons:tungsten_helmet":2,"minecraft:peony":80,"minecraft:suspicious_stew":1,"minecraft:warped_planks":4,"minecraft:green_dye":22,"minecraft:hopper":3,"buzzier_bees:honey_bread":4,"minecraft:honey_bottle":8,"minecraft:bow":5,"minecraft:iron_boots":2,"bayou_blues:cyan_lily":1,"minecraft:comparator":1,"aquarium:lost_totem":1,"minecraft:chest":9,"minecraft:oak_button":7,"minecraft:cod_bucket":2,"morevillagers:gardening_table":1,"piggybanks:gold_pb":3,"simpleplanes:plane":1,"minecraft:stone_hoe":1,"minecraft:honeycomb_block":209,"minecraft:golden_boots":3,"minecraft:smoker":1,"minecraft:sea_lantern":4,"minecraft:dropper":3,"minecraft:arrow":32,"minecraft:map":4,"minecraft:crafting_table":10,"minecraft:spruce_planks":1688,"minecraft:iron_helmet":1,"byg:cika_stairs":280,"minecraft:red_wool":1,"minecraft:gold_block":16,"minecraft:birch_planks":36,"minecraft:brewing_stand":1,"minecraft:pumpkin_seeds":20,"morevillagers:oceanography_table":1,"minecraft:dispenser":32,"minecraft:apple":44,"stupid_weapons:pumpkin_launcher":1,"minecraft:book":298,"minecraft:iron_chestplate":5,"minecraft:yellow_dye":2,"minecraft:paper":2247,"minecraft:charcoal":41,"minecraft:diamond_pickaxe":1,"minecraft:emerald_block":24,"minecraft:shield":1,"minecraft:stick":768,"minecraft:iron_ingot":827,"minecraft:snow_block":9,"disenchanting:disenchanter":1,"minecraft:black_bed":2,"morevanillatools:obsidian_axe":6,"flowerseeds:poppy_seed":2,"byg:scoria_stonebricks":28,"minecraft:shears":11,"buzzier_bees:honeycomb_brick_stairs":12,"piggybanks:diamond_pb":1,"minecraft:nether_wart":4,"byg:skyris_stairs":16,"minecraft:oak_door":3,"minecraft:cookie":126,"minecraft:coal":698,"stalwart_dungeons:tungsten_leggings":1,"minecraft:redstone":616,"byg:skyris_slab":48,"minecraft:fishing_rod":1,"minecraft:tripwire_hook":4,"byg:cika_fence_gate":13,"buzzier_bees:honey_wand":4,"minecraft:spruce_button":24,"byg:blue_nether_brick":150,"minecraft:furnace":9,"minecraft:piston":2,"pumpkinpotions:cauldron":1,"minecraft:mushroom_stew":1,"byg:scoria_stone":33,"buzzier_bees:crystallized_honey_block":33,"minecraft:glass_pane":64,"travelersbackpack:villager":1,"morevanillalib:obsidian_shard":36,"minecraft:diamond_block":1,"minecraft:oak_trapdoor":2,"minecraft:flint_and_steel":2,"buzzier_bees:bee_bottle":1,"minecraft:iron_axe":1,"minecraft:slime_ball":4,"buzzier_bees:pink_clover":3,"stalwart_dungeons:tungsten_boots":1,"minecraft:filled_map":1,"byg:cika_slab":408,"minecraft:glistering_melon_slice":3,"stalwart_dungeons:tungsten_ingot":20,"minecraft:cooked_beef":13,"minecraft:red_dye":16,"buzzier_bees:honey_pot":1,"minecraft:bone_block":30,"byg:cika_fence":207,"minecraft:diamond_sword":1,"smallships:sail_item":1,"bayou_blues:algae":2,"travelersbackpack:backpack_tank":2,"minecraft:music_disc_mellohi":1,"buzzier_bees:black_candle":20,"minecraft:iron_sword":1,"bayou_blues:white_lily":1,"minecraft:nether_bricks":26,"minecraft:stripped_oak_wood":6,"minecraft:bucket":1,"minecraft:stone_axe":3,"minecraft:music_disc_chirp":1,"minecraft:air":0,"minecraft:bread":4,"extraarmor:obsidian_boots":1,"minecraft:jungle_planks":8,"minecraft:blue_dye":2,"buzzier_bees:honeycomb_bricks":208,"morevanillatools:obsidian_pickaxe":2,"stalwart_dungeons:tungsten_chestplate":1,"minecraft:gold_nugget":54,"minecraft:white_dye":4,"minecraft:black_carpet":4,"minecraft:chipped_anvil":1,"minecraft:anvil":2,"minecraft:stonecutter":2,"dungeonsmod:back_pergamine":1,"extraarmor:obsidian_helmet":1,"minecraft:pumpkin_pie":48,"minecraft:torch":36,"cactusmod:cactus_slime_block":9,"minecraft:lapis_lazuli":39,"buzzier_bees:candle":2,"minecraft:lapis_block":27},"minecraft:picked_up":{"morevanillalib:paper_bundle":10,"minecraft:iron_chestplate":7,"minecraft:chainmail_boots":3,"minecraft:anvil":1,"minecraft:suspicious_stew":1,"minecraft:smithing_table":9,"minecraft:lead":14,"minecraft:diamond_sword":3,"minecraft:oak_stairs":21,"morevanillatools:obsidian_shovel":3,"minecraft:music_disc_cat":2,"minecraft:string":104,"minecraft:soul_soil":58,"byg:winter_succulent":4,"minecraft:red_nether_bricks":1,"byg:skyris_slab":17,"minecraft:shroomlight":4,"minecraft:beetroot":1373,"byg:nylium_soul_soil":2,"minecraft:diamond_leggings":2,"minecraft:gold_nugget":415,"minecraft:spruce_planks":552,"minecraft:acacia_sign":1,"byg:embur_wart":7,"minecraft:written_book":3,"byg:mycelium_netherrack":4,"minecraft:melon_slice":410,"minecraft:coal_block":6,"minecraft:diamond_ore":4,"buzzier_bees:spruce_beehive":2,"byg:yellow_daffodil":2,"minecraft:golden_helmet":8,"minecraft:spruce_pressure_plate":3,"minecraft:jukebox":1,"minecraft:composter":9,"byg:soul_shroom_block":4,"buzzier_bees:buttercup":1,"buzzier_bees:pink_clover":1,"stalwart_dungeons:tungsten_chestplate":1,"minecraft:golden_axe":1,"minecraft:honeycomb_block":3,"minecraft:golden_chestplate":4,"minecraft:cauldron":6,"minecraft:stone_sword":4,"byg:mahogany_leaves":1,"minecraft:iron_block":2,"minecraft:carved_pumpkin":4,"minecraft:blaze_rod":140,"byg:soul_shroom_stem":3,"minecraft:iron_bars":16,"byg:blue_spruce_sapling":15,"minecraft:snowball":109,"nethers_exoticism:ramboutan":2,"byg:death_cap":3,"minecraft:magma_block":137,"minecraft:feather":6,"byg:overgrown_stone":5,"minecraft:jungle_log":4,"byg:cypress_log":9,"minecraft:smoker":28,"byg:cika_fence_gate":2,"minecraft:flint":5,"byg:cika_fence":34,"comfortable_nether:ancient_netherrack_bricks":93,"minecraft:lantern":3,"minecraft:twisting_vines":11,"minecraft:purple_carpet":23,"stalwart_dungeons:blaze_armor_scrap":59,"minecraft:chipped_anvil":4,"morevillagers:oceanography_table":1,"minecraft:stonecutter":4,"byg:blueberries":844,"stalwart_dungeons:nether_igniter":1,"comfortable_nether:pummeler_remnant":2,"pumpkinpotions:cauldron":4,"minecraft:diamond_helmet":4,"minecraft:glowstone_dust":3,"byg:brown_mushroom_stem":1,"minecraft:honeycomb":1008,"stalwart_dungeons:tungsten_ore":22,"simpleplanes:plane":13,"minecraft:warped_wart_block":114,"byg:scoria_pillar":22,"byg:skyris_stairs":16,"byg:soul_shroom":21,"minecraft:dropper":1,"portablejukebox:portable_jukebox":2,"thebeginning:beg_grass_block":1,"minecraft:stripped_spruce_log":6,"minecraft:loom":34,"minecraft:barrel":14,"morevanillatools:obsidian_pickaxe":3,"smallships:birch_cog":6,"minecraft:polished_andesite":16,"minecraft:dispenser":9,"minecraft:granite":195,"comfortable_nether:weeping_liana_seeds":3,"minecraft:chainmail_helmet":3,"minecraft:spruce_button":3,"minecraft:bread":23,"minecraft:jack_o_lantern":1,"minecraft:crimson_roots":2,"minecraft:spruce_leaves":24,"minecraft:crafting_table":32,"minecraft:coarse_dirt":1,"minecraft:nether_wart":40,"minecraft:clay_ball":120,"minecraft:leather_leggings":5,"morevillagers:woodworking_table":1,"thebeginning:lumo_plant":3,"byg:horseweed":16,"minecraft:flint_and_steel":1,"minecraft:white_carpet":23,"minecraft:glass_pane":34,"minecraft:cracked_stone_bricks":4,"minecraft:cartography_table":1,"endreborn:dragonite":3,"minecraft:beef":268,"minecraft:poppy":284,"minecraft:spruce_slab":59,"buzzier_bees:crystallized_honey_block":28,"minecraft:chest":26,"minecraft:egg":50,"minecraft:sandstone":39,"minecraft:stone":221,"minecraft:spruce_fence":53,"minecraft:fire_charge":2,"morevanillatools:emerald_pickaxe":2,"byg:blue_spruce_leaves":3,"minecraft:carrot":3,"minecraft:mushroom_stem":1,"minecraft:redstone":663,"byg:red_birch_sapling":1,"minecraft:tnt":1,"minecraft:stone_shovel":1,"minecraft:diamond_chestplate":1,"minecraft:beetroot_seeds":4879,"minecraft:peony":5,"minecraft:shears":3,"minecraft:hay_block":4,"stalwart_dungeons:tungsten_axe":16,"buzzier_bees:black_candle":14,"byg:blue_netherrack":182,"minecraft:gold_ingot":9,"stalwart_dungeons:nether_bricks_and_netherrack":2,"minecraft:mutton":11,"minecraft:white_wool":854,"minecraft:bone_block":7,"minecraft:lapis_ore":4,"minecraft:stripped_oak_log":8,"nethers_exoticism:kiwano":1,"minecraft:red_mushroom":19,"minecraft:oak_log":240,"minecraft:lily_pad":5,"minecraft:golden_boots":4,"minecraft:blue_bed":1,"minecraft:paper":6,"bno:nethercoal_ore":5,"minecraft:apple":38,"minecraft:stone_bricks":1,"byg:scoria_stone":155,"minecraft:warped_stem":9,"minecraft:oak_fence_gate":2,"minecraft:stone_pickaxe":4,"minecraft:iron_ore":441,"minecraft:glass_bottle":4,"buzzier_bees:candle":3,"minecraft:iron_sword":4,"minecraft:polished_andesite_stairs":3,"flowerseeds:poppy_seed":534,"minecraft:sweet_berries":663,"minecraft:red_wool":3,"minecraft:gravel":114,"minecraft:spruce_sapling":51,"byg:cika_planks":244,"minecraft:spruce_log":1975,"minecraft:crying_obsidian":4,"nethers_exoticism:pitaya":3,"minecraft:sea_lantern":1,"cactusmod:cactus_fruit":13,"minecraft:leather_helmet":2,"travelersbackpack:standard":3,"minecraft:coal_ore":54,"minecraft:purple_bed":15,"minecraft:redstone_ore":25,"minecraft:painting":3,"minecraft:gray_wool":3,"minecraft:warped_roots":14,"minecraft:warped_nylium":57,"minecraft:melon_seeds":9,"bno:netherlapis_ore":4,"byg:warped_coral":1,"minecraft:crimson_nylium":49,"minecraft:hopper":2,"minecraft:ender_pearl":12,"minecraft:wheat":2623,"minecraft:black_carpet":9,"aquarium:lost_ore":13,"minecraft:nether_brick_fence":4,"bno:netheriron_ore":62,"minecraft:potion":1,"minecraft:gilded_blackstone":4,"minecraft:nether_brick":17,"comfortable_nether:ancient_nether_stairs":36,"aquarium:lost_totem":1,"byg:crocus":13,"minecraft:iron_leggings":6,"minecraft:armor_stand":8,"byg:soul_shroom_spore_end":9,"minecraft:red_sand":217,"comfortable_nether:weeping_abscess":20,"minecraft:rose_bush":3,"nethers_exoticism:kiwano_peel":1,"minecraft:iron_pickaxe":2,"minecraft:iron_boots":10,"minecraft:furnace":7,"minecraft:tipped_arrow":31,"minecraft:stick":85,"minecraft:oak_fence":2,"minecraft:torch":291,"bno:netheremerald_ore":3,"minecraft:spruce_stairs":137,"minecraft:porkchop":367,"minecraft:diorite":24,"disenchanting:disenchanter":3,"minecraft:blue_stained_glass":2,"byg:death_cap_mushroom_block":4,"minecraft:nether_gold_ore":48,"minecraft:cactus":33,"minecraft:rotten_flesh":485,"byg:embur_nylium":17,"byg:embur_gel_ball":28,"byg:skyris_planks":4,"minecraft:obsidian":166,"minecraft:cod":1,"minecraft:cobblestone":1385,"minecraft:enchanting_table":19,"minecraft:leather_chestplate":4,"byg:orchard_leaves":1,"minecraft:andesite":19,"minecraft:black_bed":2,"minecraft:golden_leggings":4,"minecraft:potato":8380,"byg:orchard_sapling":7,"cactusmod:cactus_slimeball":89,"minecraft:wither_skeleton_skull":3,"minecraft:lapis_lazuli":206,"minecraft:dirt":1357,"cactusmod:cactus_bone":2,"minecraft:leather_boots":3,"minecraft:glass":1,"minecraft:bone":302,"minecraft:bow":19,"minecraft:wheat_seeds":8980,"minecraft:bell":2,"byg:overgrown_netherrack":12,"minecraft:grindstone":27,"byg:nether_bristle":2,"minecraft:fletching_table":3,"minecraft:bamboo":234,"minecraft:oak_planks":18,"minecraft:stone_hoe":1,"buzzier_bees:honeycomb_bricks":62,"nethers_exoticism:bouddha_s_hand":3,"minecraft:poisonous_potato":46,"minecraft:sand":331,"minecraft:melon":205,"minecraft:nether_brick_stairs":5,"byg:iris":25,"minecraft:grass_block":7,"byg:cika_log":926,"byg:maple_sapling":1,"minecraft:spectral_arrow":9,"minecraft:mossy_cobblestone":117,"minecraft:spruce_fence_gate":2,"minecraft:diamond":72,"buzzier_bees:honey_pot":1,"minecraft:yellow_stained_glass_pane":17,"minecraft:bone_meal":86,"minecraft:spruce_sign":3,"morevanillatools:emerald_hoe":4,"minecraft:emerald":170,"minecraft:oak_sapling":10,"minecraft:netherrack":686,"byg:cika_sapling":60,"minecraft:oak_leaves":44,"byg:cika_slab":401,"minecraft:charcoal":11,"byg:soapstone":6,"minecraft:chicken":9,"minecraft:ladder":28,"simpleplanes:propeller":1,"minecraft:brown_mushroom":19,"minecraft:packed_ice":2,"minecraft:wooden_pickaxe":2,"minecraft:gold_block":26,"byg:peat":1,"minecraft:shield":4,"minecraft:oak_trapdoor":1,"minecraft:wooden_sword":2,"minecraft:blackstone":11,"teleportmod:teleport":17,"minecraft:andesite_stairs":2,"minecraft:sugar_cane":1130,"minecraft:spruce_trapdoor":216,"byg:skyris_leaves":133,"comfortable_nether:abandoned_wreckage":30,"thebeginning:plana_shroom":7,"buzzier_bees:light_blue_candle":5,"byg:green_apple":51,"byg:cika_stairs":45,"minecraft:arrow":208,"minecraft:weeping_vines":3,"nethers_exoticism:pitaya_stem":3,"minecraft:nether_bricks":273,"byg:orange_amaranth":1,"byg:rocky_stone":9,"dungeonsmod:soul_bottle":4,"minecraft:crimson_stem":3,"minecraft:salmon":8,"minecraft:leather":206,"minecraft:music_disc_stal":1,"morevanillatools:obsidian_sword":5,"byg:scoria_stonebricks":160,"minecraft:crimson_fungus":1,"minecraft:chainmail_chestplate":2,"minecraft:cobblestone_wall":47,"minecraft:gunpowder":24,"minecraft:nether_wart_block":1,"comfortable_nether:insatiable_blubber":6,"minecraft:cobblestone_stairs":38,"comfortable_nether:ancient_netherrack":135,"minecraft:orange_terracotta":58,"minecraft:podzol":9,"minecraft:red_carpet":4,"byg:scoria_cobblestone":52,"byg:rainbow_eucalyptus_log":1,"minecraft:red_sandstone":17,"minecraft:rabbit_hide":2,"minecraft:iron_ingot":19,"byg:skyris_sapling":10,"minecraft:soul_sand":109,"minecraft:music_disc_chirp":2,"minecraft:green_dye":4,"minecraft:book":18,"minecraft:warped_fungus":25,"minecraft:nether_quartz_ore":5,"minecraft:emerald_block":9,"byg:peach_leather_flower":1,"minecraft:pumpkin":602,"minecraft:chiseled_stone_bricks":1,"comfortable_nether:fuligo":9,"minecraft:quartz":271,"minecraft:dandelion":9,"thebeginning:beg_log":4,"buzzier_bees:honeycomb_brick_stairs":5,"byg:pervaded_netherrack":5,"minecraft:blast_furnace":29,"minecraft:white_bed":2,"minecraft:gold_ore":32,"minecraft:spruce_door":36,"minecraft:spider_eye":28,"byg:embur_pedu":1,"byg:skyris_log":45,"minecraft:pumpkin_seeds":67,"minecraft:campfire":20,"minecraft:honey_block":49,"minecraft:chainmail_leggings":1,"minecraft:iron_helmet":2,"minecraft:damaged_anvil":5,"minecraft:black_wool":9,"minecraft:coal":1348},"minecraft:dropped":{"portablejukebox:portable_jukebox":2,"minecraft:glass_bottle":2,"minecraft:diamond":1,"minecraft:emerald":4,"minecraft:sand":64,"minecraft:fermented_spider_eye":1,"minecraft:bone":3,"simpleplanes:propeller":1,"morevanillatools:obsidian_sword":5,"minecraft:wheat":2,"minecraft:rotten_flesh":1,"minecraft:glowstone_dust":2,"minecraft:blaze_powder":1,"minecraft:wheat_seeds":5,"minecraft:coal":2,"morevanillatools:obsidian_shovel":1,"morevanillatools:emerald_hoe":1,"pumpkinpotions:cauldron":1,"aquarium:lost_totem":1,"minecraft:shears":1,"minecraft:diamond_sword":3,"minecraft:carved_pumpkin":1,"minecraft:spider_eye":2,"minecraft:barrel":1,"minecraft:red_sand":26,"minecraft:oak_log":2,"travelersbackpack:standard":1,"morevanillatools:obsidian_pickaxe":1,"minecraft:glistering_melon_slice":2,"minecraft:gold_ingot":36,"cactusmod:cactus_slimeball":7,"nethers_exoticism:kiwano_peel":1,"minecraft:gunpowder":2,"minecraft:golden_axe":1,"minecraft:stick":1,"minecraft:torch":6,"minecraft:iron_leggings":1,"minecraft:nether_wart":7,"minecraft:blaze_rod":2,"stalwart_dungeons:tungsten_axe":1},"minecraft:killed":{"minecraft:cave_spider":5,"comfortable_nether:soul":1,"minecraft:cod":1,"minecraft:skeleton":106,"minecraft:chicken":8,"comfortable_nether:the_insatiable":3,"minecraft:magma_cube":8,"minecraft:iron_golem":1,"minecraft:zombie":346,"stalwart_dungeons:incomplete_wither":57,"minecraft:cow":92,"comfortable_nether:pummeler":2,"dungeonsmod:mimic":2,"minecraft:husk":6,"minecraft:wandering_trader":1,"dungeonsmod:deserted":1,"minecraft:enderman":3,"minecraft:witch":2,"minecraft:zombified_piglin":6,"minecraft:spider":59,"dungeonsmod:anthermite":2,"minecraft:bee":1,"minecraft:piglin":6,"minecraft:pig":98,"minecraft:zombie_villager":1,"minecraft:creeper":18,"minecraft:sheep":6,"minecraft:trader_llama":2,"minecraft:stray":48,"minecraft:ghast":1,"minecraft:blaze":2,"comfortable_nether:fuligan":3,"cactusmod:cactus_slime":78,"minecraft:drowned":1,"stalwart_dungeons:reinforced_blaze":77,"minecraft:bat":5,"dungeonsmod:haunter":22,"minecraft:hoglin":34,"cactusmod:cactus_skeleton":2,"cactusmod:cactus_spider":1,"minecraft:wither_skeleton":6,"dungeonsmod:crow":1},"minecraft:killed_by":{"minecraft:zombie":3,"minecraft:stray":1,"minecraft:creeper":1,"comfortable_nether:netherite_golem":1,"stalwart_dungeons:reinforced_blaze":1,"minecraft:skeleton":1},"minecraft:broken":{"minecraft:golden_boots":3,"minecraft:diamond_helmet":1,"minecraft:shears":1,"minecraft:iron_boots":3,"minecraft:iron_chestplate":2,"minecraft:iron_leggings":3,"morevanillatools:obsidian_axe":1,"minecraft:chainmail_boots":1,"minecraft:iron_sword":1,"morevanillatools:obsidian_pickaxe":1,"minecraft:stone_sword":2,"minecraft:stone_hoe":1,"stalwart_dungeons:tungsten_axe":1,"minecraft:iron_axe":1,"minecraft:iron_pickaxe":1,"minecraft:iron_helmet":5,"minecraft:golden_helmet":1,"minecraft:leather_leggings":1,"minecraft:golden_leggings":1,"minecraft:stone_pickaxe":2,"minecraft:chainmail_chestplate":1,"minecraft:stone_axe":3,"minecraft:wooden_axe":1,"morevanillatools:obsidian_shovel":1,"stalwart_dungeons:tungsten_helmet":1,"minecraft:golden_axe":1,"minecraft:leather_boots":3},"minecraft:used":{"minecraft:peony":15,"minecraft:nether_brick_fence":4,"minecraft:jack_o_lantern":1,"byg:maple_sapling":1,"minecraft:dispenser":40,"minecraft:spruce_slab":276,"minecraft:ladder":64,"minecraft:poppy":73,"minecraft:black_carpet":13,"minecraft:chest":24,"minecraft:stone":107,"minecraft:soul_sand":68,"minecraft:blue_stained_glass":4,"buzzier_bees:sticky_honey_wand":6,"minecraft:snowball":8,"minecraft:stripped_spruce_log":2,"minecraft:weeping_vines":2,"morevillagers:decayed_workbench":1,"minecraft:packed_ice":2,"minecraft:honey_block":7,"minecraft:lava_bucket":4,"byg:warped_coral":1,"minecraft:grass_block":81,"byg:death_cap_mushroom_block":4,"buzzier_bees:pink_clover":4,"minecraft:polished_andesite_stairs":3,"minecraft:music_disc_chirp":2,"minecraft:music_disc_stal":1,"simpleplanes:plane":15,"minecraft:snow":12,"minecraft:bow":138,"minecraft:sweet_berries":41,"minecraft:furnace":13,"minecraft:oak_sapling":4,"piggybanks:gold_pb":3,"minecraft:egg":50,"minecraft:potato":2693,"minecraft:diorite":18,"minecraft:damaged_anvil":4,"minecraft:spruce_door":34,"morevanillatools:emerald_pickaxe":4041,"minecraft:blackstone":1,"minecraft:cactus":23,"byg:peat":1,"minecraft:composter":9,"buzzier_bees:honey_pot":2,"minecraft:cookie":119,"buzzier_bees:black_candle":42,"minecraft:sand":216,"minecraft:blast_furnace":29,"byg:yellow_daffodil":2,"byg:overgrown_stone":5,"thebeginning:lazarus_flower_rank":1,"minecraft:pumpkin_seeds":54,"morevanillatools:emerald_hoe":1026,"byg:cika_fence_gate":15,"buzzier_bees:honeycomb_brick_stairs":61,"minecraft:red_sandstone":17,"byg:blueberries":742,"byg:soul_shroom_spore_end":9,"minecraft:lectern":1,"minecraft:diamond_ore":4,"byg:winter_succulent":4,"simpleplanes:plane_workbench":1,"byg:embur_wart":7,"minecraft:nether_wart_block":1,"minecraft:diamond_sword":526,"minecraft:coal_block":2,"globalxp:xp_block":1,"minecraft:smithing_table":10,"minecraft:poisonous_potato":6,"byg:skyris_fence":3,"byg:soul_shroom":17,"minecraft:oak_trapdoor":2,"minecraft:iron_bars":6,"minecraft:enchanting_table":20,"minecraft:stone_sword":56,"minecraft:carved_pumpkin":7,"minecraft:armor_stand":8,"morevillagers:blueprint_table":1,"farmingforblockheads:market":1,"byg:mycelium_netherrack":4,"minecraft:netherrack":403,"minecraft:bee_spawn_egg":3,"minecraft:torch":260,"minecraft:anvil":2,"minecraft:brewing_stand":1,"nethers_exoticism:kiwano":1,"byg:cika_sapling":11,"minecraft:warped_wart_block":82,"minecraft:nether_quartz_ore":5,"minecraft:twisting_vines":8,"minecraft:cod_bucket":3,"comfortable_nether:abandoned_wreckage":8,"byg:overgrown_netherrack":12,"minecraft:nether_brick_stairs":53,"minecraft:oak_fence_gate":12,"minecraft:shroomlight":3,"minecraft:sea_lantern":5,"minecraft:chipped_anvil":3,"comfortable_nether:ancient_nether_stairs":40,"buzzier_bees:honey_apple":8,"minecraft:iron_axe":258,"minecraft:spruce_button":27,"stalwart_dungeons:tungsten_axe":1144,"byg:mahogany_leaves":1,"comfortable_nether:weeping_liana_seeds":1,"stalwart_dungeons:nether_bricks_and_netherrack":2,"minecraft:barrel":16,"minecraft:melon_seeds":29,"thebeginning:lumus_flower_rank":1,"minecraft:bamboo":23,"minecraft:tripwire_hook":1,"minecraft:glowstone":4,"thebeginning:plana_shroom":2,"minecraft:blaze_rod":34,"minecraft:podzol":9,"minecraft:orange_terracotta":58,"minecraft:golden_axe":19,"minecraft:crimson_stem":3,"minecraft:wheat_seeds":3141,"minecraft:water_bucket":334,"minecraft:warped_stem":5,"byg:cika_stairs":325,"minecraft:cartography_table":2,"morevanillatools:obsidian_axe":4227,"minecraft:cauldron":6,"byg:rocky_stone":9,"minecraft:fletching_table":5,"minecraft:spruce_fence_gate":17,"minecraft:gold_ore":2,"minecraft:cracked_stone_bricks":4,"aquarium:lost_ore":2,"minecraft:mossy_cobblestone":86,"buzzier_bees:honey_wand":145,"minecraft:tnt":1,"minecraft:crafting_table":41,"morevanillatools:obsidian_pickaxe":4670,"byg:soul_shroom_block":4,"disenchanting:disenchanter":4,"minecraft:white_bed":4,"minecraft:campfire":33,"morevanillatools:obsidian_sword":1118,"byg:cika_slab":806,"minecraft:spruce_log":167,"minecraft:mushroom_stem":1,"minecraft:oak_log":51,"byg:red_birch_sapling":1,"minecraft:diamond_pickaxe":17,"minecraft:diamond_shovel":313,"minecraft:acacia_sign":2,"byg:skyris_planks":25,"byg:embur_gel_block":6,"minecraft:spruce_pressure_plate":3,"minecraft:iron_pickaxe":513,"minecraft:oak_button":7,"minecraft:suspicious_stew":2,"minecraft:pig_spawn_egg":1,"thebeginning:lumus_fruit":2,"minecraft:crimson_nylium":22,"minecraft:spruce_trapdoor":72,"byg:brown_mushroom_stem":1,"minecraft:cobblestone":420,"minecraft:potion":6,"byg:scoria_stonebricks":242,"travelersbackpack:standard":12,"minecraft:purple_bed":15,"minecraft:porkchop":1,"minecraft:andesite_stairs":2,"byg:scoria_cobblestone":3,"minecraft:glass_pane":65,"byg:skyris_sapling":7,"minecraft:dandelion":5,"minecraft:jukebox":2,"morevillagers:woodworking_table":2,"thebeginning:lumo_plant":1,"minecraft:red_sand":190,"travelersbackpack:lapis":5,"minecraft:melon":2,"minecraft:bone_block":1,"byg:cika_log":100,"minecraft:shield":68,"minecraft:iron_sword":504,"minecraft:nether_wart":20,"minecraft:bell":2,"minecraft:soul_campfire":1,"minecraft:spruce_leaves":9,"thebeginning:beg_grass_block":1,"minecraft:mutton":1,"minecraft:nether_bricks":100,"minecraft:carrot":2,"comfortable_nether:ancient_netherrack":6,"minecraft:obsidian":103,"minecraft:milk_bucket":2,"buzzier_bees:buttercup":4,"minecraft:glass":2,"nethers_exoticism:pitaya_stem":3,"cactusmod:cactus_chest":1,"minecraft:coal_ore":1,"byg:crocus":9,"byg:orange_amaranth":1,"minecraft:lantern":5,"minecraft:warped_nylium":53,"minecraft:crimson_roots":2,"endreborn:dragonite":3,"minecraft:stone_bricks":1,"nethers_exoticism:bouddha_s_hand":1,"minecraft:honeycomb_block":4,"piggybanks:diamond_pb":2,"minecraft:magma_block":22,"minecraft:red_carpet":4,"minecraft:warped_fungus":25,"minecraft:hay_block":4,"minecraft:written_book":7,"minecraft:beetroot_seeds":1732,"byg:green_apple":27,"morevillagers:oceanography_table":2,"comfortable_nether:ancient_netherrack_bricks":139,"minecraft:large_fern":2,"byg:skyris_stairs":32,"byg:death_cap":1,"byg:scoria_stone":32,"minecraft:dropper":4,"minecraft:stone_pickaxe":264,"minecraft:oak_planks":129,"byg:orchard_leaves":1,"minecraft:ender_pearl":1,"minecraft:sandstone":39,"pumpkinpotions:cauldron":4,"byg:iris":11,"minecraft:sugar_cane":105,"minecraft:blue_bed":1,"minecraft:white_wool":33,"byg:horseweed":2,"minecraft:loom":33,"minecraft:mushroom_stew":1,"minecraft:black_bed":4,"smallships:birch_cog":7,"minecraft:shears":65,"byg:scoria_pillar":32,"morevillagers:gardening_table":1,"byg:blue_spruce_sapling":2,"minecraft:dark_oak_log":6,"farmingforblockheads:red_fertilizer":16,"minecraft:bread":34,"bno:netheremerald_ore":3,"minecraft:gravel":87,"buzzier_bees:bee_bottle":1,"buzzier_bees:honeycomb_bricks":177,"minecraft:grindstone":11,"minecraft:cooked_rabbit":4,"minecraft:andesite":15,"thebeginning:lumus_flower":1,"minecraft:cobweb":1,"minecraft:coarse_dirt":1,"minecraft:bone_meal":492,"minecraft:experience_bottle":227,"minecraft:oak_fence":2,"minecraft:rose_bush":3,"byg:cika_fence":238,"byg:skyris_slab":60,"minecraft:flint_and_steel":34,"minecraft:redstone_ore":6,"minecraft:stone_shovel":21,"minecraft:spruce_planks":1027,"morevanillatools:obsidian_shovel":1544,"buzzier_bees:crystallized_honey_block":61,"minecraft:stone_hoe":138,"minecraft:cooked_chicken":47,"minecraft:oak_door":2,"minecraft:dirt":1335,"byg:blue_spruce_leaves":3,"minecraft:white_carpet":23,"minecraft:hopper":4,"minecraft:spruce_stairs":187,"minecraft:cobblestone_wall":10,"minecraft:spruce_fence":131,"byg:embur_pedu":1,"minecraft:bee_nest":2,"minecraft:granite":4,"bno:nethercoal_ore":5,"minecraft:wooden_axe":83,"minecraft:bookshelf":37,"minecraft:oak_stairs":173,"byg:soul_shroom_stem":3,"buzzier_bees:honey_bread":2,"byg:blue_netherrack":35,"byg:skyris_log":11,"minecraft:emerald_block":2,"minecraft:soul_soil":40,"farmingforblockheads:green_fertilizer":24,"byg:nylium_soul_soil":2,"minecraft:cooked_beef":13,"thebeginning:beg_leaves":29,"minecraft:pumpkin":29,"byg:nether_bristle":1,"stalwart_dungeons:nether_igniter":1,"buzzier_bees:light_blue_candle":33,"stalwart_dungeons:tungsten_ore":2,"bno:netherlapis_ore":4,"minecraft:iron_ore":2,"minecraft:snow_block":2,"minecraft:cobblestone_stairs":17,"buzzier_bees:candle":5,"travelersbackpack:villager":4,"minecraft:glass_bottle":3,"minecraft:polished_andesite":10,"minecraft:red_nether_bricks":1,"minecraft:spruce_sign":2,"teleportmod:teleport":23,"minecraft:brown_mushroom":33,"minecraft:stonecutter":6,"minecraft:music_disc_cat":2,"morevillagers:hunting_post":1,"minecraft:red_mushroom":29,"minecraft:yellow_stained_glass_pane":33,"minecraft:painting":3,"minecraft:smoker":29,"flowerseeds:poppy_seed":235,"minecraft:wooden_hoe":12,"minecraft:black_wool":3,"minecraft:apple":2,"minecraft:chicken":1,"minecraft:map":1,"minecraft:lapis_ore":4,"byg:soapstone":6,"byg:peach_leather_flower":1,"minecraft:stone_axe":429,"buzzier_bees:spruce_beehive":34,"minecraft:fishing_rod":2,"portablejukebox:portable_note_block":61,"minecraft:crimson_fungus":1,"byg:skyris_leaves":5,"minecraft:bucket":356,"minecraft:lapis_block":16,"cactusmod:cactus_fruit":3,"minecraft:pumpkin_pie":51,"minecraft:purple_carpet":23,"byg:cika_planks":1182,"minecraft:gray_wool":3,"byg:rainbow_eucalyptus_log":1,"thebeginning:beg_log":4},"minecraft:mined":{"travelersbackpack:sleeping_bag":4,"byg:cika_fence":32,"minecraft:white_bed":2,"buzzier_bees:spruce_beehive":2,"byg:warped_coral_fan":1,"minecraft:red_nether_bricks":1,"minecraft:obsidian":96,"minecraft:carved_pumpkin":3,"minecraft:granite":190,"minecraft:red_sand":11,"byg:skyris_log":44,"minecraft:coal_block":6,"minecraft:nether_wart":20,"minecraft:hopper":2,"minecraft:crimson_fungus":1,"buzzier_bees:buttercup":1,"minecraft:spawner":1,"byg:peach_leather_flower":1,"byg:death_cap":1,"minecraft:weeping_vines_plant":4,"minecraft:tall_seagrass":3,"piggybanks:diamond_pb":1,"minecraft:magma_block":84,"minecraft:barrel":14,"minecraft:fire":72,"byg:scoria_pillar":22,"minecraft:pumpkin":600,"minecraft:fletching_table":3,"minecraft:nether_brick_stairs":5,"minecraft:enchanting_table":19,"minecraft:twisting_vines":7,"byg:scoria_stonebricks":160,"minecraft:oak_stairs":16,"buzzier_bees:black_candle":3,"byg:soul_shroom_stem":6,"minecraft:brown_mushroom":10,"minecraft:crimson_nylium":45,"minecraft:smoker":28,"nethers_exoticism:ramboutan_block":2,"byg:skyris_leaves":255,"bayou_blues:algae":2,"byg:soul_shroom_block":14,"minecraft:blue_stained_glass":2,"minecraft:torch":124,"byg:embur_wart":5,"minecraft:blast_furnace":29,"minecraft:polished_andesite_stairs":2,"minecraft:melon":283,"minecraft:dead_bush":3,"byg:cika_log":802,"minecraft:spruce_wall_sign":3,"minecraft:glass":1,"byg:pine_leaves":1,"minecraft:sugar_cane":601,"minecraft:damaged_anvil":5,"byg:cika_slab":408,"byg:death_cap_mushroom_block":11,"byg:soapstone":4,"byg:orchard_leaves":69,"minecraft:wheat":2930,"byg:nether_bristle":2,"minecraft:jukebox":1,"minecraft:pumpkin_stem":11,"minecraft:black_bed":2,"minecraft:warped_fungus":25,"minecraft:grass":763,"nethers_exoticism:pitaya_stem":1,"minecraft:oak_fence_gate":2,"minecraft:loom":34,"byg:blueberry_bush":71,"byg:flowering_orchard_leaves":8,"minecraft:stonecutter":4,"stalwart_dungeons:nether_bricks_and_netherrack":2,"minecraft:attached_pumpkin_stem":1,"bno:netheremerald_ore":11,"byg:clover_patch":1,"byg:soul_shroom_spore_end":4,"minecraft:mossy_cobblestone":118,"nethers_exoticism:kiwano_leaves_stage_1":1,"minecraft:nether_brick_wall":1,"buzzier_bees:honeycomb_brick_stairs":5,"minecraft:jack_o_lantern":1,"minecraft:sea_lantern":1,"minecraft:nether_bricks":263,"byg:blue_spruce_leaves":281,"minecraft:spruce_fence":53,"minecraft:crimson_roots":3,"byg:flower_patch":2,"minecraft:red_mushroom":10,"byg:warped_coral":1,"minecraft:cartography_table":1,"byg:crocus":7,"minecraft:redstone_ore":134,"byg:brown_mushroom_stem":1,"buzzier_bees:honeycomb_bricks":62,"byg:skyris_sapling":1,"minecraft:snow":113,"minecraft:andesite":16,"byg:skyris_stairs":16,"minecraft:potatoes":2198,"minecraft:vine":24,"minecraft:warped_stem":9,"byg:orange_amaranth":1,"byg:rocky_stone":9,"aquarium:lost_ore":13,"minecraft:bamboo_sapling":1,"minecraft:bamboo":27,"byg:cika_stairs":46,"minecraft:bone_block":7,"minecraft:white_wool":27,"stalwart_dungeons:nether_igniter":1,"minecraft:smithing_table":9,"minecraft:glass_pane":76,"minecraft:soul_sand":77,"byg:rainbow_eucalyptus_log":1,"buzzier_bees:crystallized_honey_block":4,"minecraft:dandelion":10,"minecraft:spruce_button":3,"minecraft:dropper":1,"minecraft:warped_roots":11,"placeableblazerods:blaze_rod":18,"minecraft:campfire":21,"minecraft:tall_grass":4,"minecraft:diorite":22,"stalwart_dungeons:tungsten_ore":22,"minecraft:warped_wart_block":115,"minecraft:purple_bed":15,"byg:green_apple_skyris_leaves":33,"minecraft:coarse_dirt":1,"byg:scoria_stone":208,"minecraft:cobblestone_wall":48,"byg:horseweed":3,"minecraft:spruce_log":1080,"minecraft:white_carpet":16,"minecraft:birch_leaves":44,"byg:leaf_pile":1,"piggybanks:gold_pb":2,"byg:cika_leaves":912,"pumpkinpotions:cauldron":3,"byg:embur_gel_block":9,"minecraft:gravel":69,"byg:peat":1,"minecraft:cobweb":4,"minecraft:spruce_fence_gate":2,"minecraft:gold_ore":34,"minecraft:chipped_anvil":4,"minecraft:fern":42,"minecraft:spruce_planks":474,"minecraft:oak_sapling":2,"minecraft:farmland":1,"buzzier_bees:light_blue_candle":2,"minecraft:andesite_stairs":2,"byg:yellow_daffodil":2,"minecraft:cobblestone_stairs":37,"thebeginning:ramus_grass":1,"minecraft:spruce_trapdoor":156,"byg:pervaded_netherrack":5,"minecraft:grass_block":585,"buzzier_bees:candle":2,"minecraft:soul_soil":49,"minecraft:composter":9,"comfortable_nether:ancient_netherrack":139,"byg:cika_sapling":6,"minecraft:gilded_blackstone":6,"thebeginning:lumus_flower":1,"minecraft:glowstone":1,"byg:iris":15,"minecraft:iron_ore":446,"minecraft:black_carpet":7,"minecraft:anvil":1,"minecraft:iron_bars":13,"byg:overgrown_netherrack":12,"minecraft:purple_carpet":14,"byg:mycelium_netherrack":4,"byg:mahogany_leaves":2,"minecraft:spruce_slab":57,"nethers_exoticism:pitaya_block":3,"byg:soul_shroom":19,"minecraft:blackstone":1,"minecraft:twisting_vines_plant":3,"minecraft:melon_stem":1,"minecraft:orange_terracotta":4,"minecraft:clay":30,"comfortable_nether:abandoned_wreckage":35,"minecraft:poppy":63,"byg:cika_fence_gate":2,"minecraft:chest":23,"minecraft:honeycomb_block":3,"minecraft:mushroom_stem":3,"minecraft:cobblestone":877,"minecraft:nether_quartz_ore":134,"minecraft:grindstone":21,"minecraft:oak_planks":16,"byg:skyris_slab":10,"minecraft:wall_torch":64,"minecraft:cauldron":6,"byg:embur_nylium":17,"minecraft:warped_nylium":57,"minecraft:nether_wart_block":1,"byg:overgrown_stone":5,"minecraft:tnt":1,"byg:cypress_log":9,"minecraft:yellow_stained_glass_pane":17,"byg:skyris_planks":4,"minecraft:oak_log":223,"minecraft:beetroots":1511,"minecraft:sand":109,"minecraft:dirt":565,"nethers_exoticism:bouddha_s_hand_block":3,"minecraft:dispenser":9,"minecraft:netherrack":669,"minecraft:oak_leaves":215,"minecraft:emerald_block":9,"minecraft:nether_gold_ore":103,"nethers_exoticism:pitaya_stem_down":2,"minecraft:diamond_ore":36,"minecraft:crying_obsidian":1,"minecraft:red_carpet":3,"byg:water_silk":4,"disenchanting:disenchanter":3,"cactusmod:cactus_plant":1,"byg:cika_planks":253,"minecraft:ladder":23,"byg:soul_shroom_spore":2,"comfortable_nether:fuligo_mold":2,"minecraft:spruce_leaves":511,"minecraft:sandstone":7,"minecraft:crimson_stem":3,"comfortable_nether:weeping_liana":4,"endreborn:dragonite":3,"morevillagers:woodworking_table":1,"minecraft:large_fern":55,"buzzier_bees:pink_clover":1,"minecraft:hay_block":4,"buzzier_bees:honey_pot":1,"byg:blue_netherrack":184,"minecraft:oak_trapdoor":1,"minecraft:furnace":7,"minecraft:nether_sprouts":23,"bno:netherredstone_ore":4,"minecraft:stripped_spruce_log":6,"minecraft:peony":5,"minecraft:gold_block":1,"minecraft:nether_brick_fence":4,"minecraft:bookshelf":6,"minecraft:shroomlight":4,"minecraft:lantern":3,"minecraft:stripped_oak_log":8,"minecraft:packed_ice":2,"minecraft:stone":562,"minecraft:podzol":10,"comfortable_nether:ancient_nether_stairs":36,"teleportmod:teleport":13,"comfortable_nether:ancient_netherrack_bricks":93,"minecraft:spruce_door":24,"thebeginning:beg_grass_block":1,"minecraft:oak_fence":2,"minecraft:crafting_table":32,"minecraft:honey_block":7,"morevillagers:oceanography_table":1,"minecraft:rose_bush":3,"minecraft:lapis_ore":14,"byg:nylium_soul_soil":2,"minecraft:blue_bed":1,"minecraft:spruce_stairs":130,"minecraft:gray_wool":2,"minecraft:cactus":16,"thebeginning:ramus_grass_2":1,"bno:netheriron_ore":62,"minecraft:sweet_berry_bush":32,"thebeginning:beg_log":4,"byg:short_grass":136,"minecraft:grass_path":87,"minecraft:black_wool":2,"minecraft:coal_ore":444,"bno:nethercoal_ore":183,"thebeginning:beg_leaves":50,"flowerseeds:crop_poppy":201,"bno:netherlapis_ore":12,"byg:ripe_orchard_leaves":11,"byg:embur_pedu":1,"minecraft:cracked_stone_bricks":4,"minecraft:polished_andesite":15,"comfortable_nether:weeping_liana_seeds":12,"minecraft:mossy_stone_bricks":1,"minecraft:acacia_wall_sign":1}},"DataVersion":2586}