{"stats":{"minecraft:mined":{"minecraft:spruce_planks":272,"buzzier_bees:light_blue_candle":1,"byg:yellow_daffodil":1,"minecraft:cobblestone_stairs":11,"cactusmod:cactus_chest":2,"minecraft:obsidian":10,"minecraft:spruce_trapdoor":37,"minecraft:granite":2,"minecraft:grass_block":19,"comfortable_nether:ancient_netherrack":1,"minecraft:glowstone":4,"minecraft:fire":5,"minecraft:pumpkin":61,"minecraft:anvil":1,"minecraft:enchanting_table":3,"byg:soapstone_bricks":3,"minecraft:spruce_slab":16,"byg:soul_shroom_block":15,"minecraft:torch":16,"minecraft:blast_furnace":4,"minecraft:poppy":2,"minecraft:melon":41,"minecraft:glass":1,"minecraft:cobblestone":193,"minecraft:cyan_bed":3,"minecraft:sugar_cane":83,"byg:skyris_slab":1,"minecraft:wall_torch":35,"minecraft:cauldron":1,"minecraft:warped_nylium":11,"byg:soapstone":48,"minecraft:lapis_block":15,"minecraft:wheat":177,"minecraft:grass":58,"minecraft:beetroots":180,"minecraft:sand":4,"minecraft:dirt":56,"byg:blueberry_bush":7,"minecraft:netherrack":10,"byg:skyris_fence":2,"minecraft:mossy_cobblestone":4,"byg:soul_shroom_spore_end":2,"minecraft:oak_door":1,"minecraft:jack_o_lantern":1,"minecraft:ladder":4,"byg:blue_spruce_leaves":1,"minecraft:spruce_fence":71,"byg:flower_patch":1,"minecraft:spruce_leaves":11,"minecraft:large_fern":6,"minecraft:redstone_ore":2,"buzzier_bees:honey_pot":1,"byg:crocus":6,"minecraft:oak_trapdoor":1,"minecraft:furnace":4,"minecraft:nether_sprouts":1,"minecraft:andesite":4,"minecraft:stripped_spruce_log":6,"byg:skyris_stairs":2,"minecraft:bookshelf":40,"minecraft:potatoes":240,"cactusmod:jacko_cactus":3,"byg:rocky_stone":2,"minecraft:bamboo_sapling":1,"minecraft:bamboo":13,"minecraft:stone":166,"minecraft:white_wool":1,"minecraft:smithing_table":9,"comfortable_nether:ancient_nether_stairs":3,"minecraft:glass_pane":5,"teleportmod:teleport":1,"minecraft:spruce_door":3,"minecraft:oak_fence":4,"minecraft:crafting_table":6,"cactusmod:cactus_slime_block":1,"minecraft:warped_roots":6,"minecraft:campfire":2,"minecraft:lapis_ore":1,"thebeginning:lumaras_flower":1,"minecraft:diorite":3,"minecraft:blue_bed":6,"minecraft:spruce_stairs":4,"minecraft:cactus":61,"byg:scoria_stone":1,"minecraft:cobblestone_wall":18,"globalxp:xp_block":1,"minecraft:spruce_log":148,"byg:short_grass":18,"byg:leaf_pile":1,"minecraft:grass_path":7,"thebeginning:beg_leaves":2,"byg:soapstone_tile":2,"flowerseeds:crop_poppy":45,"minecraft:end_rod":2,"byg:embur_gel_block":4,"minecraft:gravel":24,"minecraft:spruce_fence_gate":8,"minecraft:fern":6},"minecraft:killed":{"minecraft:spider":8,"minecraft:skeleton":9,"minecraft:pig":24,"minecraft:zombie_villager":1,"minecraft:iron_golem":1,"minecraft:creeper":3,"minecraft:sheep":2,"minecraft:zombie":110,"minecraft:cow":15,"cactusmod:cactus_slime":1,"minecraft:drowned":1,"minecraft:bat":1},"minecraft:killed_by":{"minecraft:zombie":1,"minecraft:iron_golem":1,"minecraft:skeleton":1},"minecraft:dropped":{"minecraft:crafting_table":1,"morevanillatools:emerald_pickaxe":1,"morevanillatools:obsidian_axe":1,"minecraft:spruce_stairs":2,"minecraft:diorite":1,"minecraft:stone_shovel":1,"stalwart_dungeons:tungsten_axe":2,"minecraft:brick":1},"minecraft:custom":{"minecraft:animals_bred":46,"minecraft:interact_with_crafting_table":26,"minecraft:open_barrel":1,"minecraft:leave_game":51,"minecraft:time_since_death":202029,"minecraft:sprint_one_cm":2516338,"minecraft:drop":10,"minecraft:talked_to_villager":197,"minecraft:deaths":4,"minecraft:jump":6818,"minecraft:walk_on_water_one_cm":55153,"minecraft:interact_with_furnace":6,"minecraft:traded_with_villager":129,"minecraft:play_one_minute":710021,"minecraft:sleep_in_bed":46,"minecraft:damage_dealt":31019,"minecraft:crouch_one_cm":12173,"minecraft:inspect_dispenser":2,"minecraft:interact_with_smithing_table":2,"minecraft:mob_kills":177,"minecraft:interact_with_anvil":8,"minecraft:climb_one_cm":90179,"minecraft:walk_one_cm":2816285,"minecraft:sneak_time":6905,"minecraft:walk_under_water_one_cm":17869,"minecraft:boat_one_cm":310604,"minecraft:interact_with_blast_furnace":2,"minecraft:interact_with_grindstone":6,"minecraft:interact_with_stonecutter":3,"minecraft:time_since_rest":7695,"minecraft:damage_taken":7161,"minecraft:swim_one_cm":14286,"minecraft:fly_one_cm":898957,"minecraft:open_chest":397,"minecraft:fall_one_cm":123286},"minecraft:crafted":{"minecraft:brick":30,"minecraft:oak_planks":12,"morevanillatools:quartz_axe":1,"frozenup:mug_of_milk":5,"cactusmod:cactus_helmet":1,"buzzier_bees:light_blue_candle":4,"minecraft:chest":1,"byg:soapstone_tile":1,"minecraft:cod_bucket":1,"minecraft:honeycomb_block":15,"portablejukebox:portable_jukebox":2,"minecraft:end_rod":3,"minecraft:emerald":110,"minecraft:cauldron":1,"minecraft:cooked_porkchop":20,"minecraft:crafting_table":1,"minecraft:spruce_planks":160,"cactusmod:carved_cactus":1,"minecraft:paper":135,"teleportmod:teleport":1,"minecraft:stick":36,"cactusmod:cactus_leggings":1,"cactusmod:jacko_cactus":1,"morevanillatools:obsidian_axe":1,"minecraft:spruce_fence_gate":3,"minecraft:shears":1,"byg:blue_nether_bricks":21,"minecraft:stone_shovel":0,"frozenup:empty_mug":4,"minecraft:leather_boots":1,"cactusmod:cactus_stick":4,"minecraft:jack_o_lantern":2,"minecraft:spruce_fence":9,"minecraft:spruce_stairs":52,"minecraft:ladder":6,"minecraft:spruce_slab":36,"extraarmor:cactus_chestplate":1,"minecraft:sugar":2,"byg:soapstone_bricks":1,"cactusmod:cactus_hoe":1,"aquarium:guide_book_item":1,"byg:embur_gel_block":4,"minecraft:cyan_bed":2,"minecraft:enchanted_book":1,"minecraft:air":0,"morevanillalib:paper_bundle":15,"cactusmod:cactus_boots":1,"minecraft:pumpkin_pie":4},"minecraft:used":{"minecraft:jack_o_lantern":3,"minecraft:spruce_slab":49,"travelersbackpack:lapis":2,"minecraft:poppy":7,"minecraft:ladder":12,"minecraft:chest":1,"minecraft:stone":67,"cactusmod:cactus_hoe":3,"minecraft:rotten_flesh":1,"minecraft:mutton":1,"thebeginning:lumaras_flower":1,"minecraft:carrot":2,"comfortable_nether:ancient_netherrack":9,"minecraft:stripped_spruce_log":2,"minecraft:obsidian":10,"minecraft:glass":1,"cactusmod:cactus_slime_block":1,"byg:soapstone_tile":2,"byg:crocus":5,"cactusmod:cactus_chest":2,"simpleplanes:plane":2,"minecraft:bow":6,"minecraft:sweet_berries":1,"minecraft:furnace":2,"minecraft:beetroot_seeds":192,"minecraft:egg":77,"minecraft:potato":227,"byg:scoria_stone":1,"minecraft:diorite":1,"minecraft:end_rod":5,"minecraft:spruce_door":5,"minecraft:stone_pickaxe":151,"morevanillatools:emerald_pickaxe":604,"minecraft:cactus":88,"frozenup:mug_of_milk":1,"buzzier_bees:honey_pot":1,"minecraft:blue_bed":6,"minecraft:sugar_cane":15,"minecraft:white_wool":1,"buzzier_bees:black_candle":2,"minecraft:blast_furnace":4,"byg:yellow_daffodil":1,"smallships:birch_cog":5,"minecraft:shears":1,"morevanillatools:emerald_hoe":1,"byg:blueberries":137,"byg:soul_shroom_spore_end":4,"minecraft:cyan_bed":4,"morevillagers:purpur_altar":1,"minecraft:gravel":2,"minecraft:diamond_sword":179,"globalxp:xp_block":1,"minecraft:grindstone":1,"minecraft:smithing_table":9,"minecraft:andesite":4,"minecraft:poisonous_potato":1,"minecraft:oak_fence":4,"minecraft:oak_trapdoor":2,"minecraft:enchanting_table":3,"minecraft:flint_and_steel":6,"minecraft:dead_bush":4,"minecraft:stone_shovel":42,"byg:soapstone_bricks":3,"minecraft:spruce_planks":248,"minecraft:cooked_chicken":19,"minecraft:netherrack":3,"minecraft:oak_door":2,"minecraft:torch":67,"minecraft:dirt":48,"minecraft:anvil":1,"minecraft:spruce_stairs":52,"minecraft:cobblestone_wall":6,"minecraft:cod_bucket":1,"byg:blue_nether_bricks":21,"minecraft:spruce_fence":66,"minecraft:granite":2,"comfortable_nether:ancient_nether_stairs":1,"minecraft:bookshelf":40,"minecraft:iron_axe":255,"stalwart_dungeons:tungsten_axe":136,"buzzier_bees:honey_bread":6,"minecraft:bamboo":20,"minecraft:glowstone":4,"minecraft:pumpkin":19,"buzzier_bees:light_blue_candle":11,"minecraft:wheat_seeds":179,"minecraft:water_bucket":14,"minecraft:cobblestone_stairs":9,"travelersbackpack:villager":2,"morevanillatools:obsidian_axe":526,"teleportmod:teleport":2,"minecraft:cauldron":2,"minecraft:brown_mushroom":3,"byg:rocky_stone":3,"minecraft:spruce_fence_gate":11,"minecraft:warped_roots":6,"minecraft:mossy_cobblestone":1,"buzzier_bees:honey_wand":24,"minecraft:crafting_table":7,"minecraft:red_mushroom":1,"morevanillatools:obsidian_pickaxe":472,"byg:soul_shroom_block":6,"minecraft:campfire":1,"minecraft:spruce_log":28,"flowerseeds:poppy_seed":46,"minecraft:diamond_shovel":48,"byg:embur_gel_block":4,"minecraft:oak_button":1,"minecraft:lapis_ore":1,"minecraft:spruce_trapdoor":26,"byg:soapstone":45,"cactusmod:jacko_cactus":4,"minecraft:cobblestone":164,"minecraft:cooked_porkchop":6,"byg:scoria_cobblestone":2,"minecraft:bucket":13,"minecraft:lapis_block":13,"minecraft:pumpkin_pie":4,"morevanillatools:quartz_axe":45},"minecraft:picked_up":{"minecraft:wheat":169,"minecraft:chainmail_boots":1,"minecraft:anvil":1,"minecraft:smithing_table":9,"comfortable_nether:ancient_nether_stairs":3,"byg:crocus":5,"minecraft:lapis_block":15,"minecraft:string":16,"byg:skyris_slab":1,"minecraft:beetroot":175,"byg:soul_shroom_spore_end":4,"minecraft:spruce_planks":272,"minecraft:furnace":4,"byg:yellow_daffodil":1,"minecraft:stick":4,"byg:soul_shroom_block":14,"minecraft:oak_fence":4,"minecraft:torch":61,"minecraft:spruce_stairs":6,"minecraft:porkchop":90,"minecraft:diorite":5,"minecraft:golden_chestplate":2,"minecraft:cauldron":1,"minecraft:stone_sword":1,"minecraft:cactus":146,"minecraft:rotten_flesh":200,"byg:soapstone_bricks":3,"byg:embur_gel_ball":12,"minecraft:glowstone":4,"minecraft:end_rod":2,"minecraft:bookshelf":40,"cactusmod:cactus_slime_block":1,"minecraft:obsidian":19,"minecraft:cobblestone":218,"minecraft:enchanting_table":3,"minecraft:feather":3,"minecraft:water_bucket":1,"minecraft:andesite":4,"minecraft:golden_leggings":4,"minecraft:potato":1208,"minecraft:flint":4,"thebeginning:lumaras_flower":1,"minecraft:dirt":87,"minecraft:leather_boots":1,"minecraft:glass":1,"minecraft:bone":12,"minecraft:bow":1,"minecraft:wheat_seeds":752,"byg:blueberries":62,"minecraft:bamboo":43,"minecraft:honeycomb":60,"cactusmod:cactus_chest":2,"simpleplanes:plane":2,"minecraft:poisonous_potato":4,"byg:skyris_stairs":2,"minecraft:sand":4,"minecraft:melon":40,"minecraft:stripped_spruce_log":6,"minecraft:cyan_bed":3,"minecraft:mossy_cobblestone":4,"smallships:birch_cog":5,"minecraft:spruce_fence_gate":8,"buzzier_bees:honey_pot":1,"minecraft:granite":2,"minecraft:chainmail_helmet":1,"minecraft:emerald":52,"minecraft:jack_o_lantern":1,"minecraft:netherrack":10,"minecraft:crafting_table":7,"byg:soapstone":48,"minecraft:chicken":2,"minecraft:ladder":6,"minecraft:brown_mushroom":3,"minecraft:wooden_pickaxe":1,"minecraft:oak_trapdoor":1,"byg:skyris_fence":2,"minecraft:glass_pane":5,"teleportmod:teleport":1,"minecraft:beef":45,"minecraft:poppy":36,"minecraft:spruce_slab":23,"minecraft:sugar_cane":155,"globalxp:xp_block":1,"minecraft:spruce_trapdoor":37,"minecraft:egg":153,"minecraft:stone":164,"minecraft:oak_door":1,"minecraft:spruce_fence":69,"morevanillatools:emerald_pickaxe":1,"buzzier_bees:light_blue_candle":7,"minecraft:carrot":2,"minecraft:arrow":8,"minecraft:stone_shovel":2,"minecraft:beetroot_seeds":761,"stalwart_dungeons:tungsten_axe":1,"buzzier_bees:black_candle":2,"minecraft:mutton":2,"byg:rocky_stone":3,"minecraft:white_wool":63,"minecraft:lapis_ore":1,"minecraft:leather":42,"minecraft:red_mushroom":1,"minecraft:golden_boots":2,"minecraft:gunpowder":1,"minecraft:cobblestone_wall":18,"minecraft:cobblestone_stairs":11,"comfortable_nether:ancient_netherrack":1,"minecraft:blue_bed":6,"byg:scoria_cobblestone":2,"byg:scoria_stone":1,"byg:soapstone_tile":2,"minecraft:stone_pickaxe":3,"minecraft:rabbit_hide":1,"minecraft:iron_ingot":4,"cactusmod:jacko_cactus":3,"flowerseeds:poppy_seed":88,"minecraft:pumpkin":61,"minecraft:sweet_berries":64,"minecraft:quartz":1,"minecraft:gravel":20,"minecraft:blast_furnace":4,"minecraft:spruce_log":148,"minecraft:spruce_door":5,"minecraft:spider_eye":14,"morevanillatools:obsidian_axe":1,"minecraft:campfire":2,"minecraft:honey_block":6,"minecraft:redstone_ore":2,"minecraft:warped_roots":6,"minecraft:oak_button":1,"minecraft:warped_nylium":11},"minecraft:broken":{"morevanillatools:obsidian_axe":1,"minecraft:stone_pickaxe":2,"minecraft:iron_axe":1}},"DataVersion":2586}